strategy,timeframe,range_window,vol_threshold,exit_offset,trades,filtered,wins,losses,wr,total_r,pnl
orb-breakout,15m,8,1.3,3,487,322,281,41,57.7,187.44,94522.0
orb-breakout,15m,8,1.3,5,487,322,291,31,59.8,270.15,173705.0
orb-breakout,15m,8,1.3,8,487,322,296,26,60.8,392.2,372181.0
orb-breakout,15m,8,1.5,3,376,257,213,44,56.6,144.33,73582.0
orb-breakout,15m,8,1.5,5,376,257,227,30,60.4,214.21,142547.0
orb-breakout,15m,8,1.5,8,376,257,228,29,60.6,300.89,306994.0
orb-breakout,15m,8,2.0,3,214,159,124,35,57.9,110.93,63307.0
orb-breakout,15m,8,2.0,5,214,159,139,20,65.0,176.79,152726.0
orb-breakout,15m,8,2.0,8,214,159,137,22,64.0,239.92,257077.0
orb-breakout,15m,10,1.3,3,487,322,281,41,57.7,187.44,94522.0
orb-breakout,15m,10,1.3,5,487,322,291,31,59.8,270.15,173705.0
orb-breakout,15m,10,1.3,8,487,322,296,26,60.8,392.2,372181.0
orb-breakout,15m,10,1.5,3,376,257,213,44,56.6,144.33,73582.0
orb-breakout,15m,10,1.5,5,376,257,227,30,60.4,214.21,142547.0
orb-breakout,15m,10,1.5,8,376,257,228,29,60.6,300.89,306994.0
orb-breakout,15m,10,2.0,3,214,159,124,35,57.9,110.93,63307.0
orb-breakout,15m,10,2.0,5,214,159,139,20,65.0,176.79,152726.0
orb-breakout,15m,10,2.0,8,214,159,137,22,64.0,239.92,257077.0
orb-breakout,15m,12,1.3,3,487,322,281,41,57.7,187.44,94522.0
orb-breakout,15m,12,1.3,5,487,322,291,31,59.8,270.15,173705.0
orb-breakout,15m,12,1.3,8,487,322,296,26,60.8,392.2,372181.0
orb-breakout,15m,12,1.5,3,376,257,213,44,56.6,144.33,73582.0
orb-breakout,15m,12,1.5,5,376,257,227,30,60.4,214.21,142547.0
orb-breakout,15m,12,1.5,8,376,257,228,29,60.6,300.89,306994.0
orb-breakout,15m,12,2.0,3,214,159,124,35,57.9,110.93,63307.0
orb-breakout,15m,12,2.0,5,214,159,139,20,65.0,176.79,152726.0
orb-breakout,15m,12,2.0,8,214,159,137,22,64.0,239.92,257077.0
orb-breakout,15m,14,1.3,3,484,320,279,41,57.6,185.17,93753.0
orb-breakout,15m,14,1.3,5,484,320,288,32,59.5,262.7,168741.0
orb-breakout,15m,14,1.3,8,484,320,293,27,60.5,383.81,364504.0
orb-breakout,15m,14,1.5,3,373,255,211,44,56.6,142.06,72758.0
orb-breakout,15m,14,1.5,5,373,255,224,31,60.1,206.76,137409.0
orb-breakout,15m,14,1.5,8,373,255,225,30,60.3,292.5,299076.0
orb-breakout,15m,14,2.0,3,213,158,124,34,58.2,111.05,63817.0
orb-breakout,15m,14,2.0,5,213,158,138,20,64.8,174.32,150271.0
orb-breakout,15m,14,2.0,8,213,158,136,22,63.8,235.04,250139.0
orb-breakout,15m,16,1.3,3,484,320,279,41,57.6,185.17,93753.0
orb-breakout,15m,16,1.3,5,484,320,288,32,59.5,262.7,168741.0
orb-breakout,15m,16,1.3,8,484,320,293,27,60.5,383.81,364504.0
orb-breakout,15m,16,1.5,3,373,255,211,44,56.6,142.06,72758.0
orb-breakout,15m,16,1.5,5,373,255,224,31,60.1,206.76,137409.0
orb-breakout,15m,16,1.5,8,373,255,225,30,60.3,292.5,299076.0
orb-breakout,15m,16,2.0,3,213,158,124,34,58.2,111.05,63817.0
orb-breakout,15m,16,2.0,5,213,158,138,20,64.8,174.32,150271.0
orb-breakout,15m,16,2.0,8,213,158,136,22,63.8,235.04,250139.0
orb-breakout,15m,20,1.3,3,483,320,278,42,57.6,180.6,91717.0
orb-breakout,15m,20,1.3,5,483,320,287,33,59.4,257.7,165732.0
orb-breakout,15m,20,1.3,8,483,320,292,28,60.5,377.0,357794.0
orb-breakout,15m,20,1.5,3,372,254,210,44,56.5,137.49,69647.0
orb-breakout,15m,20,1.5,5,372,254,223,31,59.9,201.77,131536.0
orb-breakout,15m,20,1.5,8,372,254,224,30,60.2,285.69,285985.0
orb-breakout,15m,20,2.0,3,212,158,123,35,58.0,106.48,59669.0
orb-breakout,15m,20,2.0,5,212,158,137,21,64.6,169.32,145217.0
orb-breakout,15m,20,2.0,8,212,158,135,23,63.7,228.23,241863.0
orb-breakout,30m,8,1.3,3,283,175,163,12,57.6,116.21,85798.0
orb-breakout,30m,8,1.3,5,283,175,173,2,61.1,191.03,192876.0
orb-breakout,30m,8,1.3,8,283,175,169,6,59.7,281.11,359427.0
orb-breakout,30m,8,1.5,3,220,145,126,19,57.3,107.12,90942.0
orb-breakout,30m,8,1.5,5,220,145,136,9,61.8,148.69,164452.0
orb-breakout,30m,8,1.5,8,220,145,137,8,62.3,219.22,304623.0
orb-breakout,30m,8,2.0,3,135,86,76,10,56.3,86.13,76069.0
orb-breakout,30m,8,2.0,5,135,86,80,6,59.3,90.75,108326.0
orb-breakout,30m,8,2.0,8,135,86,83,3,61.5,107.3,124451.0
orb-breakout,30m,10,1.3,3,281,174,162,12,57.7,113.34,87911.0
orb-breakout,30m,10,1.3,5,281,174,171,3,60.9,183.93,192459.0
orb-breakout,30m,10,1.3,8,281,174,167,7,59.4,272.72,361078.0
orb-breakout,30m,10,1.5,3,219,145,125,20,57.1,102.81,90942.0
orb-breakout,30m,10,1.5,5,219,145,135,10,61.6,142.4,164452.0
orb-breakout,30m,10,1.5,8,219,145,136,9,62.1,211.0,304623.0
orb-breakout,30m,10,2.0,3,134,86,75,11,56.0,81.82,76069.0
orb-breakout,30m,10,2.0,5,134,86,79,7,59.0,84.45,108326.0
orb-breakout,30m,10,2.0,8,134,86,82,4,61.2,99.08,124451.0
orb-breakout,30m,12,1.3,3,280,173,162,11,57.9,113.76,84220.0
orb-breakout,30m,12,1.3,5,280,173,170,3,60.7,178.9,180874.0
orb-breakout,30m,12,1.3,8,280,173,166,7,59.3,265.04,344151.0
orb-breakout,30m,12,1.5,3,218,144,125,19,57.3,103.24,86970.0
orb-breakout,30m,12,1.5,5,218,144,134,10,61.5,137.36,152624.0
orb-breakout,30m,12,1.5,8,218,144,135,9,61.9,203.32,287387.0
orb-breakout,30m,12,2.0,3,134,86,75,11,56.0,81.82,76069.0
orb-breakout,30m,12,2.0,5,134,86,79,7,59.0,84.45,108326.0
orb-breakout,30m,12,2.0,8,134,86,82,4,61.2,99.08,124451.0
orb-breakout,30m,14,1.3,3,280,173,162,11,57.9,113.76,84220.0
orb-breakout,30m,14,1.3,5,280,173,170,3,60.7,178.9,180874.0
orb-breakout,30m,14,1.3,8,280,173,166,7,59.3,265.04,344151.0
orb-breakout,30m,14,1.5,3,218,144,125,19,57.3,103.24,86970.0
orb-breakout,30m,14,1.5,5,218,144,134,10,61.5,137.36,152624.0
orb-breakout,30m,14,1.5,8,218,144,135,9,61.9,203.32,287387.0
orb-breakout,30m,14,2.0,3,134,86,75,11,56.0,81.82,76069.0
orb-breakout,30m,14,2.0,5,134,86,79,7,59.0,84.45,108326.0
orb-breakout,30m,14,2.0,8,134,86,82,4,61.2,99.08,124451.0
orb-breakout,30m,16,1.3,3,278,172,160,12,57.6,108.86,83327.0
orb-breakout,30m,16,1.3,5,278,172,168,4,60.4,170.25,174376.0
orb-breakout,30m,16,1.3,8,278,172,164,8,59.0,249.82,325973.0
orb-breakout,30m,16,1.5,3,216,143,123,20,56.9,98.33,86067.0
orb-breakout,30m,16,1.5,5,216,143,132,11,61.1,128.71,145994.0
orb-breakout,30m,16,1.5,8,216,143,133,10,61.6,188.1,268913.0
orb-breakout,30m,16,2.0,3,133,85,74,11,55.6,77.85,69366.0
orb-breakout,30m,16,2.0,5,133,85,78,7,58.6,79.54,97854.0
orb-breakout,30m,16,2.0,8,133,85,81,4,60.9,91.67,106202.0
orb-breakout,30m,20,1.3,3,277,171,159,12,57.4,105.76,77996.0
orb-breakout,30m,20,1.3,5,277,171,167,4,60.3,164.55,166942.0
orb-breakout,30m,20,1.3,8,277,171,163,8,58.8,243.28,312560.0
orb-breakout,30m,20,1.5,3,215,142,122,20,56.7,95.23,80299.0
orb-breakout,30m,20,1.5,5,215,142,131,11,60.9,123.01,138425.0
orb-breakout,30m,20,1.5,8,215,142,132,10,61.4,181.56,255334.0
orb-breakout,30m,20,2.0,3,132,84,73,11,55.3,74.75,62213.0
orb-breakout,30m,20,2.0,5,132,84,77,7,58.3,73.84,84322.0
orb-breakout,30m,20,2.0,8,132,84,80,4,60.6,85.13,90315.0
wq-trend-mom,30m,,1.3,3,175,115,91,24,52.0,31.88,14270.0
wq-trend-mom,30m,,1.3,5,175,115,96,19,54.9,56.76,47288.0
wq-trend-mom,30m,,1.3,8,175,115,91,24,52.0,104.41,113943.0
wq-trend-mom,30m,,1.5,3,132,93,66,27,50.0,18.1,11659.0
wq-trend-mom,30m,,1.5,5,132,93,73,20,55.3,40.49,43937.0
wq-trend-mom,30m,,1.5,8,132,93,69,24,52.3,58.77,91356.0
wq-trend-mom,30m,,1.3,3,169,111,89,22,52.7,40.96,24703.0
wq-trend-mom,30m,,1.3,5,169,111,94,17,55.6,80.75,85037.0
wq-trend-mom,30m,,1.3,8,169,111,94,17,55.6,166.02,209990.0
wq-trend-mom,30m,,1.5,3,125,88,63,25,50.4,27.17,24578.0
wq-trend-mom,30m,,1.5,5,125,88,69,19,55.2,60.65,78125.0
wq-trend-mom,30m,,1.5,8,125,88,70,18,56.0,109.3,174596.0
wq-trend-mom,30m,,1.3,3,170,111,95,16,55.9,84.77,67621.0
wq-trend-mom,30m,,1.3,5,170,111,103,8,60.6,138.41,157351.0
wq-trend-mom,30m,,1.3,8,170,111,103,8,60.6,230.83,310854.0
wq-trend-mom,30m,,1.5,3,127,90,68,22,53.5,65.42,64482.0
wq-trend-mom,30m,,1.5,5,127,90,77,13,60.6,102.43,138389.0
wq-trend-mom,30m,,1.5,8,127,90,79,11,62.2,157.52,258984.0
wq-trend-mom,30m,,1.3,3,173,112,98,14,56.6,90.77,69772.0
wq-trend-mom,30m,,1.3,5,173,112,107,5,61.8,149.42,165559.0
wq-trend-mom,30m,,1.3,8,173,112,106,6,61.3,232.14,317101.0
wq-trend-mom,30m,,1.5,3,130,91,71,20,54.6,70.09,66853.0
wq-trend-mom,30m,,1.5,5,130,91,81,10,62.3,113.0,145731.0
wq-trend-mom,30m,,1.5,8,130,91,82,9,63.1,158.39,265963.0
wq-trend-mom,30m,,1.3,3,188,122,100,22,53.2,46.31,15609.0
wq-trend-mom,30m,,1.3,5,188,122,109,13,58.0,89.74,78961.0
wq-trend-mom,30m,,1.3,8,188,122,104,18,55.3,133.42,133985.0
wq-trend-mom,30m,,1.5,3,144,101,74,27,51.4,33.15,16315.0
wq-trend-mom,30m,,1.5,5,144,101,84,17,58.3,69.08,85104.0
wq-trend-mom,30m,,1.5,8,144,101,81,20,56.2,86.52,136577.0
wq-trend-mom,30m,,1.3,3,179,114,100,14,55.9,73.87,51932.0
wq-trend-mom,30m,,1.3,5,179,114,108,6,60.3,141.47,150811.0
wq-trend-mom,30m,,1.3,8,179,114,105,9,58.7,214.35,283071.0
wq-trend-mom,30m,,1.5,3,137,96,75,21,54.7,62.84,60116.0
wq-trend-mom,30m,,1.5,5,137,96,84,12,61.3,108.35,141735.0
wq-trend-mom,30m,,1.5,8,137,96,83,13,60.6,150.34,256594.0
wq-trend-mom,30m,,1.3,3,172,113,99,14,57.6,90.35,60723.0
wq-trend-mom,30m,,1.3,5,172,113,108,5,62.8,159.85,167303.0
wq-trend-mom,30m,,1.3,8,172,113,107,6,62.2,250.82,327202.0
wq-trend-mom,30m,,1.5,3,131,95,73,22,55.7,76.03,72698.0
wq-trend-mom,30m,,1.5,5,131,95,83,12,63.4,123.94,166496.0
wq-trend-mom,30m,,1.5,8,131,95,84,11,64.1,179.76,303193.0
wq-trend-mom,30m,,1.3,3,181,117,103,14,56.9,93.44,69959.0
wq-trend-mom,30m,,1.3,5,181,117,114,3,63.0,159.23,176465.0
wq-trend-mom,30m,,1.3,8,181,117,111,6,61.3,243.5,329049.0
wq-trend-mom,30m,,1.5,3,137,98,75,23,54.7,74.79,71588.0
wq-trend-mom,30m,,1.5,5,137,98,87,11,63.5,124.66,169433.0
wq-trend-mom,30m,,1.5,8,137,98,87,11,63.5,173.06,298555.0
wq-trend-mom,30m,,1.3,3,181,120,96,24,53.0,43.25,-791.0
wq-trend-mom,30m,,1.3,5,181,120,100,20,55.2,84.96,52945.0
wq-trend-mom,30m,,1.3,8,181,120,97,23,53.6,133.48,140026.0
wq-trend-mom,30m,,1.5,3,139,101,71,30,51.1,33.02,9853.0
wq-trend-mom,30m,,1.5,5,139,101,78,23,56.1,70.46,77211.0
wq-trend-mom,30m,,1.5,8,139,101,76,25,54.7,96.09,161180.0
wq-trend-mom,30m,,1.3,3,176,115,98,17,55.7,93.47,60843.0
wq-trend-mom,30m,,1.3,5,176,115,103,12,58.5,152.11,147298.0
wq-trend-mom,30m,,1.3,8,176,115,102,13,58.0,213.47,262505.0
wq-trend-mom,30m,,1.5,3,136,97,73,24,53.7,77.47,68322.0
wq-trend-mom,30m,,1.5,5,136,97,80,17,58.8,117.94,153575.0
wq-trend-mom,30m,,1.5,8,136,97,82,15,60.3,155.24,262762.0
wq-trend-mom,30m,,1.3,3,173,113,100,13,57.8,97.43,66231.0
wq-trend-mom,30m,,1.3,5,173,113,106,7,61.3,166.22,164396.0
wq-trend-mom,30m,,1.3,8,173,113,105,8,60.7,252.22,326932.0
wq-trend-mom,30m,,1.5,3,133,95,74,21,55.6,79.96,76946.0
wq-trend-mom,30m,,1.5,5,133,95,82,13,61.7,130.7,179730.0
wq-trend-mom,30m,,1.5,8,133,95,84,11,63.2,187.34,331814.0
wq-trend-mom,30m,,1.3,3,186,120,105,15,56.5,95.78,64775.0
wq-trend-mom,30m,,1.3,5,186,120,116,4,62.4,166.86,166794.0
wq-trend-mom,30m,,1.3,8,186,120,114,6,61.3,254.59,327504.0
wq-trend-mom,30m,,1.5,3,141,101,76,25,53.9,75.51,68388.0
wq-trend-mom,30m,,1.5,5,141,101,88,13,62.4,130.67,174692.0
wq-trend-mom,30m,,1.5,8,141,101,89,12,63.1,181.87,321181.0
wq-trend-mom,30m,,1.3,3,0,0,0,0,0.0,0.0,0.0
wq-trend-mom,30m,,1.3,5,0,0,0,0,0.0,0.0,0.0
wq-trend-mom,30m,,1.3,8,0,0,0,0,0.0,0.0,0.0
wq-trend-mom,30m,,1.5,3,0,0,0,0,0.0,0.0,0.0
wq-trend-mom,30m,,1.5,5,0,0,0,0,0.0,0.0,0.0
wq-trend-mom,30m,,1.5,8,0,0,0,0,0.0,0.0,0.0
wq-trend-mom,30m,,1.3,3,172,108,97,11,56.4,87.12,71192.0
wq-trend-mom,30m,,1.3,5,172,108,102,6,59.3,142.08,158136.0
wq-trend-mom,30m,,1.3,8,172,108,99,9,57.6,208.18,263734.0
wq-trend-mom,30m,,1.5,3,133,92,73,19,54.9,77.8,72194.0
wq-trend-mom,30m,,1.5,5,133,92,78,14,58.6,115.85,145626.0
wq-trend-mom,30m,,1.5,8,133,92,79,13,59.4,153.23,246428.0
wq-trend-mom,30m,,1.3,3,181,112,103,9,56.9,101.48,77576.0
wq-trend-mom,30m,,1.3,5,181,112,111,1,61.3,170.75,184227.0
wq-trend-mom,30m,,1.3,8,181,112,107,5,59.1,244.81,313489.0
wq-trend-mom,30m,,1.5,3,139,95,77,18,55.4,83.81,80291.0
wq-trend-mom,30m,,1.5,5,139,95,84,11,60.4,133.52,180232.0
wq-trend-mom,30m,,1.5,8,139,95,84,11,60.4,177.53,303824.0
wq-trend-mom,30m,,1.3,3,182,113,103,10,56.6,101.29,75947.0
wq-trend-mom,30m,,1.3,5,182,113,114,-1,62.6,165.41,185410.0
wq-trend-mom,30m,,1.3,8,182,113,109,4,59.9,234.28,286619.0
wq-trend-mom,30m,,1.5,3,138,95,75,20,54.3,81.58,75706.0
wq-trend-mom,30m,,1.5,5,138,95,84,11,60.9,128.01,168510.0
wq-trend-mom,30m,,1.5,8,138,95,84,11,60.9,167.81,282158.0
wq-vol-regime,60m,,,,161,89,54,35,33.5,-56.49,-47357.0
wq-vol-regime,60m,,,,215,118,90,28,41.9,-1.88,28349.0
wq-vol-regime,60m,,,,255,138,119,19,46.7,37.98,55934.0
wq-vol-regime,60m,,,,301,161,151,10,50.2,72.35,90843.0
wq-vol-regime,60m,,,,333,178,167,11,50.2,65.8,57147.0
wq-vol-regime,60m,,,,132,76,46,30,34.8,-40.03,-43589.0
wq-vol-regime,60m,,,,186,105,82,23,44.1,14.57,36243.0
wq-vol-regime,60m,,,,226,125,111,14,49.1,54.43,64507.0
wq-vol-regime,60m,,,,272,148,143,5,52.6,88.81,99954.0
wq-vol-regime,60m,,,,304,166,159,7,52.3,82.26,64112.0
wq-vol-regime,60m,,,,113,65,40,25,35.4,-28.12,-39112.0
wq-vol-regime,60m,,,,167,94,76,18,45.5,26.48,41135.0
wq-vol-regime,60m,,,,207,114,105,9,50.7,66.34,69256.0
wq-vol-regime,60m,,,,253,137,137,0,54.2,100.72,104429.0
wq-vol-regime,60m,,,,285,155,153,2,53.7,94.17,64751.0
wq-vol-regime,60m,,,,89,53,35,18,39.3,-0.49,-9644.0
wq-vol-regime,60m,,,,143,82,71,11,49.7,54.11,70421.0
wq-vol-regime,60m,,,,183,102,100,2,54.6,93.97,97737.0
wq-vol-regime,60m,,,,229,125,132,-7,57.6,128.35,131882.0
wq-vol-regime,60m,,,,261,143,148,-5,56.7,121.8,91208.0
wq-vol-regime,60m,,,,71,42,28,14,39.4,11.33,6135.0
wq-vol-regime,60m,,,,125,71,64,7,51.2,65.94,84523.0
wq-vol-regime,60m,,,,165,91,93,-2,56.4,105.79,111063.0
wq-vol-regime,60m,,,,211,114,125,-11,59.2,140.17,144267.0
wq-vol-regime,60m,,,,243,132,141,-9,58.0,133.62,103639.0
wq-vol-regime,60m,,,,42,25,23,2,54.8,37.04,27479.0
wq-vol-regime,60m,,,,96,54,59,-5,61.5,91.64,101292.0
wq-vol-regime,60m,,,,136,74,88,-14,64.7,131.5,127174.0
wq-vol-regime,60m,,,,182,97,120,-23,65.9,165.87,159103.0
wq-vol-regime,60m,,,,214,115,136,-21,63.6,159.33,120358.0
wq-vol-regime,60m,,,,137,78,44,34,32.1,-34.39,-11644.0
wq-vol-regime,60m,,,,180,100,73,27,40.6,-1.87,7324.0
wq-vol-regime,60m,,,,225,122,106,16,47.1,62.62,86026.0
wq-vol-regime,60m,,,,269,148,134,14,49.8,84.03,82820.0
wq-vol-regime,60m,,,,315,172,157,15,49.8,71.62,65752.0
wq-vol-regime,60m,,,,109,64,35,29,32.1,-13.07,-1100.0
wq-vol-regime,60m,,,,152,86,64,22,42.1,19.45,17344.0
wq-vol-regime,60m,,,,197,108,97,11,49.2,83.93,97378.0
wq-vol-regime,60m,,,,241,134,125,9,51.9,105.35,93041.0
wq-vol-regime,60m,,,,287,159,148,11,51.6,92.93,75453.0
wq-vol-regime,60m,,,,84,51,28,23,33.3,3.11,-784.0
wq-vol-regime,60m,,,,127,73,57,16,44.9,35.63,18414.0
wq-vol-regime,60m,,,,172,95,90,5,52.3,100.11,101265.0
wq-vol-regime,60m,,,,216,121,118,3,54.6,121.53,95625.0
wq-vol-regime,60m,,,,262,146,141,5,53.8,109.11,77157.0
wq-vol-regime,60m,,,,70,43,25,18,35.7,14.29,19404.0
wq-vol-regime,60m,,,,113,65,54,11,47.8,46.81,35809.0
wq-vol-regime,60m,,,,158,87,87,0,55.1,111.29,118730.0
wq-vol-regime,60m,,,,202,113,115,-2,56.9,132.71,111685.0
wq-vol-regime,60m,,,,248,138,138,0,55.6,120.29,92991.0
wq-vol-regime,60m,,,,50,31,22,9,44.0,30.62,50559.0
wq-vol-regime,60m,,,,93,53,51,2,54.8,63.14,61355.0
wq-vol-regime,60m,,,,138,75,84,-9,60.9,127.62,146852.0
wq-vol-regime,60m,,,,182,101,112,-11,61.5,149.04,136538.0
wq-vol-regime,60m,,,,228,126,135,-9,59.2,136.62,116725.0
wq-vol-regime,60m,,,,29,18,16,2,55.2,38.77,65142.0
wq-vol-regime,60m,,,,72,40,45,-5,62.5,71.29,68326.0
wq-vol-regime,60m,,,,117,62,78,-16,66.7,135.77,155618.0
wq-vol-regime,60m,,,,161,88,106,-18,65.8,157.19,142900.0
wq-vol-regime,60m,,,,207,113,129,-16,62.3,144.77,122845.0
wq-vol-regime,60m,,,,147,82,49,33,33.3,-32.46,-43770.0
wq-vol-regime,60m,,,,194,107,82,25,42.3,16.44,34981.0
wq-vol-regime,60m,,,,240,131,115,16,47.9,70.6,97422.0
wq-vol-regime,60m,,,,274,147,128,19,46.7,60.13,71687.0
wq-vol-regime,60m,,,,320,173,154,19,48.1,60.67,62844.0
wq-vol-regime,60m,,,,134,75,46,29,34.3,-17.79,-24035.0
wq-vol-regime,60m,,,,181,100,79,21,43.6,31.12,52263.0
wq-vol-regime,60m,,,,227,124,112,12,49.3,85.28,113618.0
wq-vol-regime,60m,,,,261,140,125,15,47.9,74.8,88616.0
wq-vol-regime,60m,,,,307,167,151,16,49.2,75.34,75671.0
wq-vol-regime,60m,,,,115,67,39,28,33.9,-9.2,-15964.0
wq-vol-regime,60m,,,,162,92,72,20,44.4,39.71,59373.0
wq-vol-regime,60m,,,,208,116,105,11,50.5,93.87,120479.0
wq-vol-regime,60m,,,,242,132,118,14,48.8,83.39,95771.0
wq-vol-regime,60m,,,,288,159,144,15,50.0,83.93,82023.0
wq-vol-regime,60m,,,,96,56,35,21,36.5,6.56,-7356.0
wq-vol-regime,60m,,,,143,81,68,13,47.6,55.46,73408.0
wq-vol-regime,60m,,,,189,105,101,4,53.4,109.62,136824.0
wq-vol-regime,60m,,,,223,121,114,7,51.1,99.14,110136.0
wq-vol-regime,60m,,,,269,148,140,8,52.0,99.68,93921.0
wq-vol-regime,60m,,,,74,44,30,14,40.5,18.12,-2400.0
wq-vol-regime,60m,,,,121,69,63,6,52.1,67.02,78679.0
wq-vol-regime,60m,,,,167,93,96,-3,57.5,121.18,142326.0
wq-vol-regime,60m,,,,201,109,109,0,54.2,110.7,115334.0
wq-vol-regime,60m,,,,247,136,135,1,54.7,111.24,97730.0
wq-vol-regime,60m,,,,43,26,21,5,48.8,32.02,19843.0
wq-vol-regime,60m,,,,90,51,54,-3,60.0,80.92,101670.0
wq-vol-regime,60m,,,,136,75,87,-12,64.0,135.08,165684.0
wq-vol-regime,60m,,,,170,91,100,-9,58.8,124.6,138579.0
wq-vol-regime,60m,,,,216,118,126,-8,58.3,125.14,116832.0
wq-vol-regime,60m,,,,129,73,44,29,34.1,-22.79,-19640.0
wq-vol-regime,60m,,,,170,96,71,25,41.8,24.96,30650.0
wq-vol-regime,60m,,,,218,119,102,17,46.8,70.78,92628.0
wq-vol-regime,60m,,,,267,143,132,11,49.4,76.63,102858.0
wq-vol-regime,60m,,,,301,162,144,18,47.8,63.93,72286.0
wq-vol-regime,60m,,,,112,65,38,27,33.9,-13.77,-11387.0
wq-vol-regime,60m,,,,153,88,65,23,42.5,33.98,38227.0
wq-vol-regime,60m,,,,201,111,96,15,47.8,79.81,99548.0
wq-vol-regime,60m,,,,250,135,126,9,50.4,85.65,109599.0
wq-vol-regime,60m,,,,284,155,138,17,48.6,72.96,77964.0
wq-vol-regime,60m,,,,86,49,30,19,34.9,1.83,2963.0
wq-vol-regime,60m,,,,127,72,57,15,44.9,49.58,56433.0
wq-vol-regime,60m,,,,175,95,88,7,50.3,95.41,120181.0
wq-vol-regime,60m,,,,224,119,118,1,52.7,101.25,128932.0
wq-vol-regime,60m,,,,258,139,130,9,50.4,88.56,94886.0
wq-vol-regime,60m,,,,73,43,27,16,37.0,15.73,11817.0
wq-vol-regime,60m,,,,114,66,54,12,47.4,63.48,64769.0
wq-vol-regime,60m,,,,162,89,85,4,52.5,109.3,127898.0
wq-vol-regime,60m,,,,211,113,115,-2,54.5,115.15,136291.0
wq-vol-regime,60m,,,,245,133,127,6,51.8,102.46,101748.0
wq-vol-regime,60m,,,,61,39,26,13,42.6,28.58,24160.0
wq-vol-regime,60m,,,,102,62,53,9,52.0,76.33,76482.0
wq-vol-regime,60m,,,,150,85,84,1,56.0,122.16,138922.0
wq-vol-regime,60m,,,,199,109,114,-5,57.3,128.0,146958.0
wq-vol-regime,60m,,,,233,129,126,3,54.1,115.31,111788.0
wq-vol-regime,60m,,,,31,20,19,1,61.3,44.86,68925.0
wq-vol-regime,60m,,,,72,43,46,-3,63.9,92.61,119046.0
wq-vol-regime,60m,,,,120,66,77,-11,64.2,138.44,179946.0
wq-vol-regime,60m,,,,169,90,107,-17,63.3,144.28,184416.0
wq-vol-regime,60m,,,,203,110,119,-9,58.6,131.59,144152.0
wq-vol-regime,60m,,,,95,53,32,21,33.7,5.16,-8224.0
wq-vol-regime,60m,,,,126,70,53,17,42.1,57.89,37789.0
wq-vol-regime,60m,,,,172,95,83,12,48.3,108.85,126478.0
wq-vol-regime,60m,,,,207,112,104,8,50.2,121.22,104439.0
wq-vol-regime,60m,,,,261,141,126,15,48.3,95.18,84107.0
wq-vol-regime,60m,,,,43,25,23,2,53.5,51.96,43793.0
wq-vol-regime,60m,,,,74,42,44,-2,59.5,104.69,90480.0
wq-vol-regime,60m,,,,120,67,74,-7,61.7,155.65,183994.0
wq-vol-regime,60m,,,,155,84,95,-11,61.3,168.02,152142.0
wq-vol-regime,60m,,,,209,113,117,-4,56.0,141.97,131046.0
wq-vol-regime,60m,,,,18,11,13,-2,72.2,47.9,45505.0
wq-vol-regime,60m,,,,49,28,34,-6,69.4,100.62,92338.0
wq-vol-regime,60m,,,,95,53,64,-11,67.4,151.58,188573.0
wq-vol-regime,60m,,,,130,70,85,-15,65.4,163.96,150922.0
wq-vol-regime,60m,,,,184,99,107,-8,58.2,137.91,128677.0
wq-vol-regime,60m,,,,9,5,8,-3,88.9,42.55,58668.0
wq-vol-regime,60m,,,,40,22,29,-7,72.5,95.28,95537.0
wq-vol-regime,60m,,,,86,47,59,-12,68.6,146.24,192012.0
wq-vol-regime,60m,,,,121,64,80,-16,66.1,158.61,149928.0
wq-vol-regime,60m,,,,175,93,102,-9,58.3,132.57,125840.0
wq-vol-regime,60m,,,,9,5,8,-3,88.9,42.55,58668.0
wq-vol-regime,60m,,,,40,22,29,-7,72.5,95.28,95537.0
wq-vol-regime,60m,,,,86,47,59,-12,68.6,146.24,192012.0
wq-vol-regime,60m,,,,121,64,80,-16,66.1,158.61,149928.0
wq-vol-regime,60m,,,,175,93,102,-9,58.3,132.57,125840.0
wq-vol-regime,60m,,,,9,5,8,-3,88.9,42.55,58668.0
wq-vol-regime,60m,,,,40,22,29,-7,72.5,95.28,95537.0
wq-vol-regime,60m,,,,86,47,59,-12,68.6,146.24,192012.0
wq-vol-regime,60m,,,,121,64,80,-16,66.1,158.61,149928.0
wq-vol-regime,60m,,,,175,93,102,-9,58.3,132.57,125840.0
wq-vol-regime,60m,,,,78,43,27,16,34.6,10.91,-5935.0
wq-vol-regime,60m,,,,94,52,40,12,42.6,53.67,71535.0
wq-vol-regime,60m,,,,152,81,77,4,50.7,107.76,117164.0
wq-vol-regime,60m,,,,186,99,98,1,52.7,123.26,103327.0
wq-vol-regime,60m,,,,221,119,121,-2,54.8,145.49,105206.0
wq-vol-regime,60m,,,,48,27,15,12,31.2,14.96,336.0
wq-vol-regime,60m,,,,64,36,28,8,43.8,57.71,89636.0
wq-vol-regime,60m,,,,122,65,65,0,53.3,111.8,133671.0
wq-vol-regime,60m,,,,156,83,86,-3,55.1,127.3,115165.0
wq-vol-regime,60m,,,,191,103,109,-6,57.1,149.53,114860.0
wq-vol-regime,60m,,,,27,17,12,5,44.4,32.75,24867.0
wq-vol-regime,60m,,,,43,26,25,1,58.1,75.51,129458.0
wq-vol-regime,60m,,,,101,55,62,-7,61.4,129.6,165723.0
wq-vol-regime,60m,,,,135,73,83,-10,61.5,145.09,140581.0
wq-vol-regime,60m,,,,170,93,106,-13,62.4,167.32,136908.0
wq-vol-regime,60m,,,,15,10,9,1,60.0,36.61,37568.0
wq-vol-regime,60m,,,,31,19,22,-3,71.0,79.36,155829.0
wq-vol-regime,60m,,,,89,48,59,-11,66.3,133.45,180390.0
wq-vol-regime,60m,,,,123,66,80,-14,65.0,148.95,150349.0
wq-vol-regime,60m,,,,158,86,103,-17,65.2,171.18,144571.0
wq-vol-regime,60m,,,,9,6,6,0,66.7,31.77,40281.0
wq-vol-regime,60m,,,,25,15,19,-4,76.0,74.53,168686.0
wq-vol-regime,60m,,,,83,44,56,-12,67.5,128.62,180888.0
wq-vol-regime,60m,,,,117,62,77,-15,65.8,144.12,148214.0
wq-vol-regime,60m,,,,152,82,100,-18,65.8,166.34,141659.0
wq-vol-regime,60m,,,,8,5,5,0,62.5,28.81,22827.0
wq-vol-regime,60m,,,,24,14,18,-4,75.0,71.56,145733.0
wq-vol-regime,60m,,,,82,43,55,-12,67.1,125.65,165733.0
wq-vol-regime,60m,,,,116,61,76,-15,65.5,141.15,136179.0
wq-vol-regime,60m,,,,151,81,99,-18,65.6,163.38,131171.0
wq-vol-regime,60m,,,,102,55,35,20,34.3,13.14,6536.0
wq-vol-regime,60m,,,,128,70,55,15,43.0,49.48,28254.0
wq-vol-regime,60m,,,,179,96,84,12,46.9,91.4,90645.0
wq-vol-regime,60m,,,,207,111,99,12,47.8,95.04,101761.0
wq-vol-regime,60m,,,,249,130,120,10,48.2,84.46,65126.0
wq-vol-regime,60m,,,,69,39,24,15,34.8,25.41,17541.0
wq-vol-regime,60m,,,,95,54,44,10,46.3,61.76,38487.0
wq-vol-regime,60m,,,,146,80,73,7,50.0,103.67,102539.0
wq-vol-regime,60m,,,,174,95,88,7,50.6,107.31,113061.0
wq-vol-regime,60m,,,,216,114,109,5,50.5,96.73,74871.0
wq-vol-regime,60m,,,,44,27,15,12,34.1,35.74,35023.0
wq-vol-regime,60m,,,,70,42,35,7,50.0,72.08,54202.0
wq-vol-regime,60m,,,,121,68,64,4,52.9,114.0,120932.0
wq-vol-regime,60m,,,,149,83,79,4,53.0,117.64,130307.0
wq-vol-regime,60m,,,,191,102,100,2,52.4,107.06,89092.0
wq-vol-regime,60m,,,,23,14,10,4,43.5,37.92,55307.0
wq-vol-regime,60m,,,,49,29,30,-1,61.2,74.26,67119.0
wq-vol-regime,60m,,,,100,55,59,-4,59.0,116.18,135821.0
wq-vol-regime,60m,,,,128,70,74,-4,57.8,119.82,142999.0
wq-vol-regime,60m,,,,170,89,95,-6,55.9,109.24,97400.0
wq-vol-regime,60m,,,,13,8,8,0,61.5,44.27,63097.0
wq-vol-regime,60m,,,,39,23,28,-5,71.8,80.61,66466.0
wq-vol-regime,60m,,,,90,49,57,-8,63.3,122.53,135846.0
wq-vol-regime,60m,,,,118,64,72,-8,61.0,126.16,143140.0
wq-vol-regime,60m,,,,160,83,93,-10,58.1,115.59,99264.0
wq-vol-regime,60m,,,,12,7,8,-1,66.7,45.02,70087.0
wq-vol-regime,60m,,,,38,22,28,-6,73.7,81.36,68884.0
wq-vol-regime,60m,,,,89,48,57,-9,64.0,123.28,138423.0
wq-vol-regime,60m,,,,117,63,72,-9,61.5,126.91,145395.0
wq-vol-regime,60m,,,,159,82,93,-11,58.5,116.34,100997.0
wq-vol-regime,60m,,,,95,51,31,20,32.6,12.07,-7206.0
wq-vol-regime,60m,,,,115,64,45,19,39.1,57.41,32989.0
wq-vol-regime,60m,,,,165,90,78,12,47.3,99.44,98758.0
wq-vol-regime,60m,,,,199,107,97,10,48.7,105.18,90086.0
wq-vol-regime,60m,,,,247,129,122,7,49.4,104.87,90558.0
wq-vol-regime,60m,,,,67,37,26,11,38.8,27.91,10924.0
wq-vol-regime,60m,,,,87,50,40,10,46.0,73.24,52900.0
wq-vol-regime,60m,,,,137,76,73,3,53.3,115.27,118889.0
wq-vol-regime,60m,,,,171,93,92,1,53.8,121.01,109551.0
wq-vol-regime,60m,,,,219,115,117,-2,53.4,120.7,109684.0
wq-vol-regime,60m,,,,50,28,22,6,44.0,34.53,19361.0
wq-vol-regime,60m,,,,70,41,36,5,51.4,79.86,63408.0
wq-vol-regime,60m,,,,120,67,69,-2,57.5,121.89,129758.0
wq-vol-regime,60m,,,,154,84,88,-4,57.1,127.63,119587.0
wq-vol-regime,60m,,,,202,106,113,-7,55.9,127.32,119294.0
wq-vol-regime,60m,,,,26,16,14,2,53.8,44.49,38846.0
wq-vol-regime,60m,,,,46,29,28,1,60.9,89.82,88746.0
wq-vol-regime,60m,,,,96,55,61,-6,63.5,131.85,154467.0
wq-vol-regime,60m,,,,130,72,80,-8,61.5,137.6,140863.0
wq-vol-regime,60m,,,,178,94,105,-11,59.0,137.28,138709.0
wq-vol-regime,60m,,,,15,9,10,-1,66.7,44.84,44612.0
wq-vol-regime,60m,,,,35,22,24,-2,68.6,90.17,95418.0
wq-vol-regime,60m,,,,85,48,57,-9,67.1,132.2,158570.0
wq-vol-regime,60m,,,,119,65,76,-11,63.9,137.94,142595.0
wq-vol-regime,60m,,,,167,87,101,-14,60.5,137.63,139299.0
wq-vol-regime,60m,,,,10,6,8,-2,80.0,41.37,39174.0
wq-vol-regime,60m,,,,30,19,22,-3,73.3,86.7,90253.0
wq-vol-regime,60m,,,,80,45,55,-10,68.8,128.73,152797.0
wq-vol-regime,60m,,,,114,62,74,-12,64.9,134.48,137487.0
wq-vol-regime,60m,,,,162,84,99,-15,61.1,134.16,134703.0
wq-vol-regime,60m,,,,0,0,0,0,0.0,0.0,0.0
wq-vol-regime,60m,,,,1,1,1,0,100.0,6.91,44348.0
wq-vol-regime,60m,,,,17,10,14,-4,82.4,63.87,125195.0
wq-vol-regime,60m,,,,61,33,41,-8,67.2,122.99,202539.0
wq-vol-regime,60m,,,,113,61,74,-13,65.5,136.74,190524.0
wq-vol-regime,60m,,,,0,0,0,0,0.0,0.0,0.0
wq-vol-regime,60m,,,,1,1,1,0,100.0,6.91,44348.0
wq-vol-regime,60m,,,,17,10,14,-4,82.4,63.87,125195.0
wq-vol-regime,60m,,,,61,33,41,-8,67.2,122.99,202539.0
wq-vol-regime,60m,,,,113,61,74,-13,65.5,136.74,190524.0
wq-vol-regime,60m,,,,0,0,0,0,0.0,0.0,0.0
wq-vol-regime,60m,,,,1,1,1,0,100.0,6.91,44348.0
wq-vol-regime,60m,,,,17,10,14,-4,82.4,63.87,125195.0
wq-vol-regime,60m,,,,61,33,41,-8,67.2,122.99,202539.0
wq-vol-regime,60m,,,,113,61,74,-13,65.5,136.74,190524.0
wq-vol-regime,60m,,,,0,0,0,0,0.0,0.0,0.0
wq-vol-regime,60m,,,,1,1,1,0,100.0,6.91,44348.0
wq-vol-regime,60m,,,,17,10,14,-4,82.4,63.87,125195.0
wq-vol-regime,60m,,,,61,33,41,-8,67.2,122.99,202539.0
wq-vol-regime,60m,,,,113,61,74,-13,65.5,136.74,190524.0
wq-vol-regime,60m,,,,0,0,0,0,0.0,0.0,0.0
wq-vol-regime,60m,,,,1,1,1,0,100.0,6.91,44348.0
wq-vol-regime,60m,,,,17,10,14,-4,82.4,63.87,125195.0
wq-vol-regime,60m,,,,61,33,41,-8,67.2,122.99,202539.0
wq-vol-regime,60m,,,,113,61,74,-13,65.5,136.74,190524.0
wq-vol-regime,60m,,,,0,0,0,0,0.0,0.0,0.0
wq-vol-regime,60m,,,,1,1,1,0,100.0,6.91,44348.0
wq-vol-regime,60m,,,,17,10,14,-4,82.4,63.87,125195.0
wq-vol-regime,60m,,,,61,33,41,-8,67.2,122.99,202539.0
wq-vol-regime,60m,,,,113,61,74,-13,65.5,136.74,190524.0
wq-vol-regime,60m,,,,31,16,13,3,41.9,3.6,3728.0
wq-vol-regime,60m,,,,36,19,17,2,47.2,24.6,39627.0
wq-vol-regime,60m,,,,61,32,33,-1,54.1,50.03,54554.0
wq-vol-regime,60m,,,,115,62,70,-8,60.9,124.5,198522.0
wq-vol-regime,60m,,,,164,87,102,-15,62.2,163.54,177918.0
wq-vol-regime,60m,,,,8,5,3,2,37.5,-1.74,-1185.0
wq-vol-regime,60m,,,,13,8,7,1,53.8,19.27,46833.0
wq-vol-regime,60m,,,,38,21,23,-2,60.5,44.69,55294.0
wq-vol-regime,60m,,,,92,51,60,-9,65.2,119.16,206681.0
wq-vol-regime,60m,,,,141,76,92,-16,65.2,158.21,179048.0
wq-vol-regime,60m,,,,0,0,0,0,0.0,0.0,0.0
wq-vol-regime,60m,,,,5,3,4,-1,80.0,21.0,74807.0
wq-vol-regime,60m,,,,30,16,20,-4,66.7,46.43,58980.0
wq-vol-regime,60m,,,,84,46,57,-11,67.9,120.9,213061.0
wq-vol-regime,60m,,,,133,71,89,-18,66.9,159.94,181599.0
wq-vol-regime,60m,,,,0,0,0,0,0.0,0.0,0.0
wq-vol-regime,60m,,,,5,3,4,-1,80.0,21.0,74807.0
wq-vol-regime,60m,,,,30,16,20,-4,66.7,46.43,58980.0
wq-vol-regime,60m,,,,84,46,57,-11,67.9,120.9,213061.0
wq-vol-regime,60m,,,,133,71,89,-18,66.9,159.94,181599.0
wq-vol-regime,60m,,,,0,0,0,0,0.0,0.0,0.0
wq-vol-regime,60m,,,,5,3,4,-1,80.0,21.0,74807.0
wq-vol-regime,60m,,,,30,16,20,-4,66.7,46.43,58980.0
wq-vol-regime,60m,,,,84,46,57,-11,67.9,120.9,213061.0
wq-vol-regime,60m,,,,133,71,89,-18,66.9,159.94,181599.0
wq-vol-regime,60m,,,,0,0,0,0,0.0,0.0,0.0
wq-vol-regime,60m,,,,5,3,4,-1,80.0,21.0,74807.0
wq-vol-regime,60m,,,,30,16,20,-4,66.7,46.43,58980.0
wq-vol-regime,60m,,,,84,46,57,-11,67.9,120.9,213061.0
wq-vol-regime,60m,,,,133,71,89,-18,66.9,159.94,181599.0
wq-vol-regime,60m,,,,33,20,14,6,42.4,11.59,18862.0
wq-vol-regime,60m,,,,40,24,20,4,50.0,31.94,19823.0
wq-vol-regime,60m,,,,61,36,29,7,47.5,34.33,53798.0
wq-vol-regime,60m,,,,102,57,58,-1,56.9,83.06,113139.0
wq-vol-regime,60m,,,,161,89,95,-6,59.0,117.43,116285.0
wq-vol-regime,60m,,,,6,3,4,-1,66.7,18.95,60289.0
wq-vol-regime,60m,,,,13,7,10,-3,76.9,39.3,37408.0
wq-vol-regime,60m,,,,34,19,19,0,55.9,41.69,77917.0
wq-vol-regime,60m,,,,75,40,48,-8,64.0,90.42,135952.0
wq-vol-regime,60m,,,,134,72,85,-13,63.4,124.79,131786.0
wq-vol-regime,60m,,,,4,2,3,-1,75.0,19.0,88877.0
wq-vol-regime,60m,,,,11,6,9,-3,81.8,39.35,43050.0
wq-vol-regime,60m,,,,32,18,18,0,56.2,41.73,81808.0
wq-vol-regime,60m,,,,73,39,47,-8,64.4,90.46,139052.0
wq-vol-regime,60m,,,,132,71,84,-13,63.6,124.84,133372.0
wq-vol-regime,60m,,,,4,2,3,-1,75.0,19.0,88877.0
wq-vol-regime,60m,,,,11,6,9,-3,81.8,39.35,43050.0
wq-vol-regime,60m,,,,32,18,18,0,56.2,41.73,81808.0
wq-vol-regime,60m,,,,73,39,47,-8,64.4,90.46,139052.0
wq-vol-regime,60m,,,,132,71,84,-13,63.6,124.84,133372.0
wq-vol-regime,60m,,,,4,2,3,-1,75.0,19.0,88877.0
wq-vol-regime,60m,,,,11,6,9,-3,81.8,39.35,43050.0
wq-vol-regime,60m,,,,32,18,18,0,56.2,41.73,81808.0
wq-vol-regime,60m,,,,73,39,47,-8,64.4,90.46,139052.0
wq-vol-regime,60m,,,,132,71,84,-13,63.6,124.84,133372.0
wq-vol-regime,60m,,,,4,2,3,-1,75.0,19.0,88877.0
wq-vol-regime,60m,,,,11,6,9,-3,81.8,39.35,43050.0
wq-vol-regime,60m,,,,32,18,18,0,56.2,41.73,81808.0
wq-vol-regime,60m,,,,73,39,47,-8,64.4,90.46,139052.0
wq-vol-regime,60m,,,,132,71,84,-13,63.6,124.84,133372.0
wq-vol-regime,60m,,,,56,30,23,7,41.1,16.85,23661.0
wq-vol-regime,60m,,,,62,33,28,5,45.2,31.42,28894.0
wq-vol-regime,60m,,,,89,48,42,6,47.2,47.46,33912.0
wq-vol-regime,60m,,,,136,74,77,-3,56.6,110.23,143133.0
wq-vol-regime,60m,,,,184,97,105,-8,57.1,124.12,145839.0
wq-vol-regime,60m,,,,23,13,10,3,43.5,20.14,44084.0
wq-vol-regime,60m,,,,29,16,15,1,51.7,34.71,49272.0
wq-vol-regime,60m,,,,56,31,29,2,51.8,50.75,47386.0
wq-vol-regime,60m,,,,103,57,64,-7,62.1,113.51,172649.0
wq-vol-regime,60m,,,,151,80,92,-12,60.9,127.41,167314.0
wq-vol-regime,60m,,,,4,2,3,-1,75.0,19.0,88877.0
wq-vol-regime,60m,,,,10,5,8,-3,80.0,33.57,63856.0
wq-vol-regime,60m,,,,37,20,22,-2,59.5,49.6,45986.0
wq-vol-regime,60m,,,,84,46,57,-11,67.9,112.37,173133.0
wq-vol-regime,60m,,,,132,69,85,-16,64.4,126.27,164683.0
wq-vol-regime,60m,,,,4,2,3,-1,75.0,19.0,88877.0
wq-vol-regime,60m,,,,10,5,8,-3,80.0,33.57,63856.0
wq-vol-regime,60m,,,,37,20,22,-2,59.5,49.6,45986.0
wq-vol-regime,60m,,,,84,46,57,-11,67.9,112.37,173133.0
wq-vol-regime,60m,,,,132,69,85,-16,64.4,126.27,164683.0
wq-vol-regime,60m,,,,4,2,3,-1,75.0,19.0,88877.0
wq-vol-regime,60m,,,,10,5,8,-3,80.0,33.57,63856.0
wq-vol-regime,60m,,,,37,20,22,-2,59.5,49.6,45986.0
wq-vol-regime,60m,,,,84,46,57,-11,67.9,112.37,173133.0
wq-vol-regime,60m,,,,132,69,85,-16,64.4,126.27,164683.0
wq-vol-regime,60m,,,,4,2,3,-1,75.0,19.0,88877.0
wq-vol-regime,60m,,,,10,5,8,-3,80.0,33.57,63856.0
wq-vol-regime,60m,,,,37,20,22,-2,59.5,49.6,45986.0
wq-vol-regime,60m,,,,84,46,57,-11,67.9,112.37,173133.0
wq-vol-regime,60m,,,,132,69,85,-16,64.4,126.27,164683.0
wq-vol-regime,60m,,,,0,0,0,0,0.0,0.0,0.0
wq-vol-regime,60m,,,,0,0,0,0,0.0,0.0,0.0
wq-vol-regime,60m,,,,0,0,0,0,0.0,0.0,0.0
wq-vol-regime,60m,,,,0,0,0,0,0.0,0.0,0.0
wq-vol-regime,60m,,,,0,0,0,0,0.0,0.0,0.0
wq-vol-regime,60m,,,,0,0,0,0,0.0,0.0,0.0
wq-vol-regime,60m,,,,0,0,0,0,0.0,0.0,0.0
wq-vol-regime,60m,,,,0,0,0,0,0.0,0.0,0.0
wq-vol-regime,60m,,,,0,0,0,0,0.0,0.0,0.0
wq-vol-regime,60m,,,,0,0,0,0,0.0,0.0,0.0
wq-vol-regime,60m,,,,0,0,0,0,0.0,0.0,0.0
wq-vol-regime,60m,,,,0,0,0,0,0.0,0.0,0.0
wq-vol-regime,60m,,,,0,0,0,0,0.0,0.0,0.0
wq-vol-regime,60m,,,,0,0,0,0,0.0,0.0,0.0
wq-vol-regime,60m,,,,0,0,0,0,0.0,0.0,0.0
wq-vol-regime,60m,,,,0,0,0,0,0.0,0.0,0.0
wq-vol-regime,60m,,,,0,0,0,0,0.0,0.0,0.0
wq-vol-regime,60m,,,,0,0,0,0,0.0,0.0,0.0
wq-vol-regime,60m,,,,0,0,0,0,0.0,0.0,0.0
wq-vol-regime,60m,,,,0,0,0,0,0.0,0.0,0.0
wq-vol-regime,60m,,,,0,0,0,0,0.0,0.0,0.0
wq-vol-regime,60m,,,,0,0,0,0,0.0,0.0,0.0
wq-vol-regime,60m,,,,0,0,0,0,0.0,0.0,0.0
wq-vol-regime,60m,,,,0,0,0,0,0.0,0.0,0.0
wq-vol-regime,60m,,,,0,0,0,0,0.0,0.0,0.0
wq-vol-regime,60m,,,,0,0,0,0,0.0,0.0,0.0
wq-vol-regime,60m,,,,0,0,0,0,0.0,0.0,0.0
wq-vol-regime,60m,,,,0,0,0,0,0.0,0.0,0.0
wq-vol-regime,60m,,,,0,0,0,0,0.0,0.0,0.0
wq-vol-regime,60m,,,,0,0,0,0,0.0,0.0,0.0
wq-vol-regime,60m,,,,0,0,0,0,0.0,0.0,0.0
wq-vol-regime,60m,,,,0,0,0,0,0.0,0.0,0.0
wq-vol-regime,60m,,,,3,2,2,0,66.7,6.71,28127.0
wq-vol-regime,60m,,,,43,24,27,-3,62.8,25.47,20020.0
wq-vol-regime,60m,,,,106,57,68,-11,64.2,53.97,45408.0
wq-vol-regime,60m,,,,0,0,0,0,0.0,0.0,0.0
wq-vol-regime,60m,,,,0,0,0,0,0.0,0.0,0.0
wq-vol-regime,60m,,,,3,2,2,0,66.7,6.71,28127.0
wq-vol-regime,60m,,,,43,24,27,-3,62.8,25.47,20020.0
wq-vol-regime,60m,,,,106,57,68,-11,64.2,53.97,45408.0
wq-vol-regime,60m,,,,0,0,0,0,0.0,0.0,0.0
wq-vol-regime,60m,,,,0,0,0,0,0.0,0.0,0.0
wq-vol-regime,60m,,,,3,2,2,0,66.7,6.71,28127.0
wq-vol-regime,60m,,,,43,24,27,-3,62.8,25.47,20020.0
wq-vol-regime,60m,,,,106,57,68,-11,64.2,53.97,45408.0
wq-vol-regime,60m,,,,0,0,0,0,0.0,0.0,0.0
wq-vol-regime,60m,,,,0,0,0,0,0.0,0.0,0.0
wq-vol-regime,60m,,,,3,2,2,0,66.7,6.71,28127.0
wq-vol-regime,60m,,,,43,24,27,-3,62.8,25.47,20020.0
wq-vol-regime,60m,,,,106,57,68,-11,64.2,53.97,45408.0
wq-vol-regime,60m,,,,0,0,0,0,0.0,0.0,0.0
wq-vol-regime,60m,,,,0,0,0,0,0.0,0.0,0.0
wq-vol-regime,60m,,,,3,2,2,0,66.7,6.71,28127.0
wq-vol-regime,60m,,,,43,24,27,-3,62.8,25.47,20020.0
wq-vol-regime,60m,,,,106,57,68,-11,64.2,53.97,45408.0
wq-vol-regime,60m,,,,0,0,0,0,0.0,0.0,0.0
wq-vol-regime,60m,,,,0,0,0,0,0.0,0.0,0.0
wq-vol-regime,60m,,,,3,2,2,0,66.7,6.71,28127.0
wq-vol-regime,60m,,,,43,24,27,-3,62.8,25.47,20020.0
wq-vol-regime,60m,,,,106,57,68,-11,64.2,53.97,45408.0
wq-vol-regime,60m,,,,10,6,2,4,20.0,-8.61,-11403.0
wq-vol-regime,60m,,,,12,7,3,4,25.0,-2.61,6567.0
wq-vol-regime,60m,,,,16,10,6,4,37.5,4.74,1779.0
wq-vol-regime,60m,,,,36,22,20,2,55.6,21.77,33660.0
wq-vol-regime,60m,,,,110,59,52,7,47.3,27.1,13791.0
wq-vol-regime,60m,,,,0,0,0,0,0.0,0.0,0.0
wq-vol-regime,60m,,,,2,1,1,0,50.0,6.0,44481.0
wq-vol-regime,60m,,,,6,4,4,0,66.7,13.36,13105.0
wq-vol-regime,60m,,,,26,16,18,-2,69.2,30.38,47072.0
wq-vol-regime,60m,,,,100,53,50,3,50.0,35.71,22706.0
wq-vol-regime,60m,,,,0,0,0,0,0.0,0.0,0.0
wq-vol-regime,60m,,,,2,1,1,0,50.0,6.0,44481.0
wq-vol-regime,60m,,,,6,4,4,0,66.7,13.36,13105.0
wq-vol-regime,60m,,,,26,16,18,-2,69.2,30.38,47072.0
wq-vol-regime,60m,,,,100,53,50,3,50.0,35.71,22706.0
wq-vol-regime,60m,,,,0,0,0,0,0.0,0.0,0.0
wq-vol-regime,60m,,,,2,1,1,0,50.0,6.0,44481.0
wq-vol-regime,60m,,,,6,4,4,0,66.7,13.36,13105.0
wq-vol-regime,60m,,,,26,16,18,-2,69.2,30.38,47072.0
wq-vol-regime,60m,,,,100,53,50,3,50.0,35.71,22706.0
wq-vol-regime,60m,,,,0,0,0,0,0.0,0.0,0.0
wq-vol-regime,60m,,,,2,1,1,0,50.0,6.0,44481.0
wq-vol-regime,60m,,,,6,4,4,0,66.7,13.36,13105.0
wq-vol-regime,60m,,,,26,16,18,-2,69.2,30.38,47072.0
wq-vol-regime,60m,,,,100,53,50,3,50.0,35.71,22706.0
wq-vol-regime,60m,,,,0,0,0,0,0.0,0.0,0.0
wq-vol-regime,60m,,,,2,1,1,0,50.0,6.0,44481.0
wq-vol-regime,60m,,,,6,4,4,0,66.7,13.36,13105.0
wq-vol-regime,60m,,,,26,16,18,-2,69.2,30.38,47072.0
wq-vol-regime,60m,,,,100,53,50,3,50.0,35.71,22706.0
wq-vol-regime,60m,,,,7,4,2,2,28.6,-4.09,-7262.0
wq-vol-regime,60m,,,,9,5,3,2,33.3,1.92,11868.0
wq-vol-regime,60m,,,,21,12,13,-1,61.9,15.49,10189.0
wq-vol-regime,60m,,,,49,27,26,1,53.1,14.32,3330.0
wq-vol-regime,60m,,,,98,54,51,3,52.0,26.07,11906.0
wq-vol-regime,60m,,,,0,0,0,0,0.0,0.0,0.0
wq-vol-regime,60m,,,,2,1,1,0,50.0,6.0,44481.0
wq-vol-regime,60m,,,,14,8,11,-3,78.6,19.58,14874.0
wq-vol-regime,60m,,,,42,23,24,-1,57.1,18.41,8881.0
wq-vol-regime,60m,,,,91,50,49,1,53.8,30.16,17300.0
wq-vol-regime,60m,,,,0,0,0,0,0.0,0.0,0.0
wq-vol-regime,60m,,,,2,1,1,0,50.0,6.0,44481.0
wq-vol-regime,60m,,,,14,8,11,-3,78.6,19.58,14874.0
wq-vol-regime,60m,,,,42,23,24,-1,57.1,18.41,8881.0
wq-vol-regime,60m,,,,91,50,49,1,53.8,30.16,17300.0
wq-vol-regime,60m,,,,0,0,0,0,0.0,0.0,0.0
wq-vol-regime,60m,,,,2,1,1,0,50.0,6.0,44481.0
wq-vol-regime,60m,,,,14,8,11,-3,78.6,19.58,14874.0
wq-vol-regime,60m,,,,42,23,24,-1,57.1,18.41,8881.0
wq-vol-regime,60m,,,,91,50,49,1,53.8,30.16,17300.0
wq-vol-regime,60m,,,,0,0,0,0,0.0,0.0,0.0
wq-vol-regime,60m,,,,2,1,1,0,50.0,6.0,44481.0
wq-vol-regime,60m,,,,14,8,11,-3,78.6,19.58,14874.0
wq-vol-regime,60m,,,,42,23,24,-1,57.1,18.41,8881.0
wq-vol-regime,60m,,,,91,50,49,1,53.8,30.16,17300.0
wq-vol-regime,60m,,,,0,0,0,0,0.0,0.0,0.0
wq-vol-regime,60m,,,,2,1,1,0,50.0,6.0,44481.0
wq-vol-regime,60m,,,,14,8,11,-3,78.6,19.58,14874.0
wq-vol-regime,60m,,,,42,23,24,-1,57.1,18.41,8881.0
wq-vol-regime,60m,,,,91,50,49,1,53.8,30.16,17300.0
